[
  {
    "hook_name": "SendUserVerifyCode",
    "hook_type": "client",
    "template_turkish": "Sayın {firstname} {lastname}, doğrulama kodunuz: {code}.",
    "template_english": "Dear {firstname} {lastname}, your verification code is {code}.",
    "variables": "{firstname},{lastname},{code}"
  },
  {
    "hook_name": "SendDomainEPPCode",
    "hook_type": "client",
    "template_turkish": "Sayın {firstname} {lastname}, {domain} transfer kodunuz: {eppcode}.",
    "template_english": "Dear {firstname} {lastname}, {domain} transfer code is {eppcode}.",
    "variables": "{firstname},{lastname},{domain},{eppcode}"
  },
  {
    "hook_name": "HostingModuleCreated",
    "hook_type": "client",
    "template_turkish": "Sayin {firstname} {lastname}, {domain} icin hosting hizmeti aktif hale getirilmistir. KullaniciAdi: {username} Sifre: {password}",
    "template_english": "Dear {firstname} {lastname}, hosting service for {domain} has been activated. Username: {username} Password: {password}",
    "variables": "{firstname},{lastname},{domain}, {username},{password}"
  },
  {
    "hook_name": "AdminLogged",
    "hook_type": "admin",
    "template_turkish": "{username}, Yonetici paneline giris yapti.",
    "template_english": "Admin({username}) logged in to the panel.",
    "variables": "{username}"
  },
  {
    "hook_name": "UserLoggedForAdmin",
    "hook_type": "admin",
    "template_turkish": "({firstname} {lastname}), Siteye giris yapti",
    "template_english": "({firstname} {lastname}) logged into your panel.",
    "variables": "{firstname},{lastname}"
  },
  {
    "hook_name": "InvoicePaymentReminder",
    "hook_type": "client",
    "template_turkish": "Sayin {firstname} {lastname}, {duedate} son odeme tarihli bir faturaniz bulunmaktadir. Detayli bilgi icin sitemizi ziyaret edin.",
    "template_english": "Dear {firstname} {lastname}, you have an invoice with {duedate} due date. Visit our website for detailed information.",
    "variables": "{firstname},{lastname},{duedate}"
  },
  {
    "hook_name": "InvoiceCreated",
    "hook_type": "client",
    "template_turkish": "Sayin {firstname} {lastname}, {duedate} son odeme tarihli {total} TL tutarinda bir fatura olusturulmustur. Fatura Numarasi: {invoiceid}. Detayli bilgi icin sitemizi ziyaret edin.",
    "template_english": "Dear {firstname} {lastname}, a new invoice has been created with {invoiceid} number for {total} TL with {duedate} due date.",
    "variables": "{firstname},{lastname},{duedate},{total},{invoiceid}"
  },
  {
    "hook_name": "AfterRegistrarDomainRenewalFailedForAdmin",
    "hook_type": "admin",
    "template_turkish": "Domain yenilenirken hata olustu. ({domain})",
    "template_english": "An error occurred while renewing the domain. ({domain})",
    "variables": "{domain}"
  },
  {
    "hook_name": "AfterModuleSuspend",
    "hook_type": "client",
    "template_turkish": "Sayin {firstname} {lastname}, hizmetiniz duraklatildi. ({domain})",
    "template_english": "Dear {firstname} {lastname}, your service has been paused. ({domain})",
    "variables": "{firstname},{lastname},{domain}"
  },
  {
    "hook_name": "AfterRegistrarRegistrationFailed",
    "hook_type": "client",
    "template_turkish": "Sayin {firstname} {lastname}, alan adiniz kayit edilemedi. Lutfen en kisa surede bizimle iletisime gecin ({domain})",
    "template_english": "Dear {firstname} {lastname}, there was an error registering your domain ({domain}).",
    "variables": "{firstname},{lastname},{domain}"
  },
  {
    "hook_name": "TicketOpenForAdmin",
    "hook_type": "admin",
    "template_turkish": "Yeni bir ticket acildi. ({subject})",
    "template_english": "A new ticket on {subject} has been opened.",
    "variables": "{firstname},{lastname},{subject},{ticketmask}"
  },
  {
    "hook_name": "AfterRegistrarDomainRenewal",
    "hook_type": "client",
    "template_turkish": "Sayin {firstname} {lastname}, alan adiniz basariyla yenilendi. ({domain})",
    "template_english": "Dear {firstname} {lastname}, your domain({domain}) has been renewed successfully.",
    "variables": "{firstname},{lastname},{domain}"
  },
  {
    "hook_name": "AfterRegistrarDomainRegistrationForAdmin",
    "hook_type": "admin",
    "template_turkish": "Yeni domain kayit edildi. ({domain})",
    "template_english": "The new domain ({domain}) has been registered.",
    "variables": "{domain}"
  },
  {
    "hook_name": "TicketRepliedByAdmin",
    "hook_type": "client",
    "template_turkish": "Sayin {firstname} {lastname}, ({subject}) konu baslikli destek talebiniz yanitlandi.",
    "template_english": "Dear {firstname} {lastname}, your support request ({subject}) has been answered.",
    "variables": "{firstname},{lastname},{subject},{ticketmask}"
  },
  {
    "hook_name": "AfterModuleUnsuspend",
    "hook_type": "client",
    "template_turkish": "Sayin {firstname} {lastname}, hizmetiniz tekrar aktiflestirildi. ({domain})",
    "template_english": "Dear {firstname} {lastname}, your service has been reactivated. ({domain})",
    "variables": "{firstname},{lastname},{domain}"
  },
  {
    "hook_name": "DomainRenewalNotice",
    "hook_type": "client",
    "template_turkish": "Sayin {firstname} {lastname}, {domain} alan adiniz {expirydate}({x} gun sonra) tarihinde sona erecektir. Yenilemek icin sitemizi ziyaret edin.",
    "template_english": "Dear {firstname} {lastname}, your {domain} will expire on {expirydate}({x} days later).",
    "variables": "{firstname},{lastname},{domain},{expirydate},{x}"
  },
  {
    "hook_name": "TicketClose",
    "hook_type": "client",
    "template_turkish": "Sayin {firstname} {lastname}, ({ticketmask}) numarali ticket kapatilmistir.",
    "template_english": "Dear {firstname} {lastname}, ticket ({ticketid}) has been closed.",
    "variables": "{firstname},{lastname},{subject},{ticketmask}"
  },
  {
    "hook_name": "InvoicePaymentReminderFirstOverdue",
    "hook_type": "client",
    "template_turkish": "Sayin {firstname} {lastname}, {duedate} son odeme tarihli bir faturaniz bulunmaktadir. Detayli bilgi icin sitemizi ziyaret edin.",
    "template_english": "Dear {firstname} {lastname}, you have an invoice with {duedate} due date. Visit our website for detailed information.",
    "variables": "{firstname},{lastname},{duedate}"
  },
  {
    "hook_name": "InvoicePaymentReminderSecondOverdue",
    "hook_type": "client",
    "template_turkish": "Sayin {firstname} {lastname}, {duedate} son odeme tarihli gecikmis bir faturaniz bulunmaktadir. Detayli bilgi icin sitemizi ziyaret edin.",
    "template_english": "Dear {firstname} {lastname}, you have an invoice with {duedate} due date. Visit our website for detailed information.",
    "variables": "{firstname}, {lastname}, {duedate}"
  },
  {
    "hook_name": "ClientRegistered",
    "hook_type": "client",
    "template_turkish": "Sayin {firstname} {lastname}, Bizi tercih ettiginiz icin tesekkur ederiz. Email: {email} Sifre: {password}",
    "template_english": "Dear {firstname} {lastname}, thank you for choosing us. Email: {email} Password: {password}.",
    "variables": "{firstname},{lastname},{email},{password}"
  },
  {
    "hook_name": "TicketOpenClient",
    "hook_type": "client",
    "template_turkish": "Sayin {firstname} {lastname}, ({ticketid}) numarali ticketınız gönderilmiştir.",
    "template_english": "Dear {firstname} {lastname}, ticket number ({ticketid}) has been opened.",
    "variables": "{firstname},{lastname},{subject},{ticketmask}"
  },
  {
    "hook_name": "InvoicePaymentReminderThirdOverdue",
    "hook_type": "client",
    "template_turkish": "Sayin {firstname} {lastname}, {duedate} son odeme tarihli gecikmis bir faturaniz bulunmaktadir. Detayli bilgi icin sitemizi ziyaret edin.",
    "template_english": "Dear {firstname} {lastname}, you have an invoice with {duedate} due date. Visit our website for detailed information.",
    "variables": "{firstname}, {lastname}, {duedate}"
  },
  {
    "hook_name": "TicketClientRepliedForAdmin",
    "hook_type": "admin",
    "template_turkish": "({subject}) konulu ticket cevaplandı.",
    "template_english": "The ticket on ({subject}) has been answered.",
    "variables": "{firstname},{lastname},{subject},{ticketmask}"
  },
  {
    "hook_name": "AfterRegistrarDomainRegistration",
    "hook_type": "client",
    "template_turkish": "Sayin {firstname} {lastname}, alan adiniz basariyla kayit edildi. ({domain})",
    "template_english": "Dear {firstname} {lastname}, your domain ({domain}) has been successfully registered.",
    "variables": "{firstname},{lastname},{domain}"
  },
  {
    "hook_name": "OrderAccepted",
    "hook_type": "client",
    "template_turkish": "Sayin {firstname} {lastname}, {orderid} numarali siparisiniz onaylanmistir.",
    "template_english": "Dear {firstname} {lastname}, your order with {orderid} has been confirmed.",
    "variables": "{firstname},{lastname},{orderid}"
  },
  {
    "hook_name": "AfterRegistrarRegistrationFailedForAdmin",
    "hook_type": "admin",
    "template_turkish": "Domain kayit edilirken hata olustu. ({domain})",
    "template_english": "An error occurred while registering the domain ({domain}).",
    "variables": "{domain}"
  },
  {
    "hook_name": "InvoicePaid",
    "hook_type": "client",
    "template_turkish": "Sayin {firstname} {lastname}, {duedate} son odeme tarihli faturaniz odenmistir. Odemenizi zamanında yaptığınız icin tesekkur ederiz.",
    "template_english": "Dear {firstname} {lastname}, your {duedate} invoice due date has been paid.",
    "variables": "{firstname},{lastname},{duedate},{invoiceid}"
  },
  {
    "hook_name": "AfterModuleChangePackage",
    "hook_type": "client",
    "template_turkish": "Sayin {firstname} {lastname}, ürün/hizmet paketiniz degistirildi. ({domain})",
    "template_english": "Dear {firstname} {lastname}, your product/service package has been changed. ({domain})",
    "variables": "{firstname},{lastname},{domain}"
  },
  {
    "hook_name": "AfterRegistrarDomainRenewalForAdmin",
    "hook_type": "admin",
    "template_turkish": "Domain yenilendi. ({domain})",
    "template_english": "The domain has been renewed. ({domain})",
    "variables": "{firstname},{lastname},{domain}"
  },
  {
    "hook_name": "ClientRegisteredForAdmin",
    "hook_type": "admin",
    "template_turkish": "Yeni bir müşteri kayıt oldu. {firstname},{lastname},{email},{password}",
    "template_english": "After the customer registration is complete, it sends a message to the admins.",
    "variables": "{firstname},{lastname},{email},{password}"
  }
]